{
    "prepare_queue": {
        "installed": [],
        "uninstalled": []
    },
    "config_munge": {
        "files": {
            "config.xml": {
                "parents": {
                    "/*": [
                        {
                            "xml": "<feature name=\"AppVersion\"><param name=\"ios-package\" value=\"AppVersion\" /></feature>",
                            "count": 1
                        },
                        {
                            "xml": "<feature name=\"RareloopAppVersion\"><param name=\"ios-package\" value=\"RareloopAppVersion\" /></feature>",
                            "count": 1
                        },
                        {
                            "xml": "<feature name=\"Camera\"><param name=\"ios-package\" value=\"CDVCamera\" /></feature>",
                            "count": 1
                        },
                        {
                            "xml": "<preference name=\"CameraUsesGeolocation\" value=\"false\" />",
                            "count": 1
                        },
                        {
                            "xml": "<feature name=\"Device\"><param name=\"ios-package\" value=\"CDVDevice\" /></feature>",
                            "count": 1
                        },
                        {
                            "xml": "<feature name=\"File\"><param name=\"ios-package\" value=\"CDVFile\" /><param name=\"onload\" value=\"true\" /></feature>",
                            "count": 1
                        },
                        {
                            "xml": "<feature name=\"FileTransfer\"><param name=\"ios-package\" value=\"CDVFileTransfer\" /></feature>",
                            "count": 1
                        },
                        {
                            "xml": "<feature name=\"Geolocation\"><param name=\"ios-package\" value=\"CDVLocation\" /></feature>",
                            "count": 1
                        },
                        {
                            "xml": "<feature name=\"NetworkStatus\"><param name=\"ios-package\" value=\"CDVConnection\" /></feature>",
                            "count": 1
                        },
                        {
                            "xml": "<feature name=\"SplashScreen\"><param name=\"ios-package\" value=\"CDVSplashScreen\" /><param name=\"onload\" value=\"true\" /></feature>",
                            "count": 1
                        },
                        {
                            "xml": "<feature name=\"SQLitePlugin\"><param name=\"ios-package\" value=\"SQLitePlugin\" /></feature>",
                            "count": 1
                        },
                        {
                            "xml": "<feature name=\"FileOpener2\"><param name=\"ios-package\" value=\"FileOpener2\" /></feature>",
                            "count": 1
                        }
                    ],
                    "/widget": [
                        {
                            "xml": "<feature name=\"Zip\"><param name=\"ios-package\" value=\"ZipPlugin\" /></feature>",
                            "count": 1
                        }
                    ]
                }
            },
            "*-Info.plist": {
                "parents": {
                    "NSCameraUsageDescription": [
                        {
                            "xml": "<string> </string>",
                            "count": 1
                        }
                    ],
                    "NSPhotoLibraryUsageDescription": [
                        {
                            "xml": "<string> </string>",
                            "count": 1
                        }
                    ],
                    "NSLocationWhenInUseUsageDescription": [
                        {
                            "xml": "<string />",
                            "count": 1
                        },
                        {
                            "xml": "<string> </string>",
                            "count": 1
                        }
                    ]
                }
            }
        }
    },
    "installed_plugins": {
        "cordova-plugin-android-permissions": {
            "PACKAGE_NAME": "io.cordova.simsmobile"
        },
        "cordova-plugin-app-version": {
            "PACKAGE_NAME": "io.cordova.simsmobile"
        },
        "cordova-plugin-appversion": {
            "PACKAGE_NAME": "io.cordova.simsmobile"
        },
        "cordova-plugin-camera": {
            "CAMERA_USAGE_DESCRIPTION": " ",
            "PHOTOLIBRARY_USAGE_DESCRIPTION": " ",
            "PACKAGE_NAME": "io.cordova.simsmobile"
        },
        "cordova-plugin-device": {
            "PACKAGE_NAME": "io.cordova.simsmobile"
        },
        "cordova-plugin-file": {
            "PACKAGE_NAME": "io.cordova.simsmobile"
        },
        "cordova-plugin-file-transfer": {
            "PACKAGE_NAME": "io.cordova.simsmobile"
        },
        "cordova-plugin-geolocation": {
            "GEOLOCATION_USAGE_DESCRIPTION": " ",
            "PACKAGE_NAME": "io.cordova.simsmobile"
        },
        "cordova-plugin-network-information": {
            "PACKAGE_NAME": "io.cordova.simsmobile"
        },
        "cordova-plugin-splashscreen": {
            "PACKAGE_NAME": "io.cordova.simsmobile"
        },
        "cordova-plugin-whitelist": {
            "PACKAGE_NAME": "io.cordova.simsmobile"
        },
        "cordova-plugin-zip": {
            "PACKAGE_NAME": "io.cordova.simsmobile"
        },
        "cordova-sqlite-storage": {
            "PACKAGE_NAME": "io.cordova.simsmobile"
        },
        "cordova-plugin-compat": {
            "PACKAGE_NAME": "io.cordova.simsmobile"
        },
        "cordova-plugin-file-opener2": {
            "PACKAGE_NAME": "io.cordova.simsmobile"
        }
    },
    "dependent_plugins": {},
    "modules": [
        {
            "id": "cordova-plugin-android-permissions.Permissions",
            "file": "plugins/cordova-plugin-android-permissions/www/permissions-dummy.js",
            "pluginId": "cordova-plugin-android-permissions",
            "clobbers": [
                "cordova.plugins.permissions"
            ]
        },
        {
            "id": "cordova-plugin-app-version.AppVersionPlugin",
            "file": "plugins/cordova-plugin-app-version/www/AppVersionPlugin.js",
            "pluginId": "cordova-plugin-app-version",
            "clobbers": [
                "cordova.getAppVersion"
            ]
        },
        {
            "id": "cordova-plugin-appversion.RareloopAppVersion",
            "file": "plugins/cordova-plugin-appversion/www/app-version.js",
            "pluginId": "cordova-plugin-appversion",
            "clobbers": [
                "AppVersion"
            ]
        },
        {
            "id": "cordova-plugin-camera.Camera",
            "file": "plugins/cordova-plugin-camera/www/CameraConstants.js",
            "pluginId": "cordova-plugin-camera",
            "clobbers": [
                "Camera"
            ]
        },
        {
            "id": "cordova-plugin-camera.CameraPopoverOptions",
            "file": "plugins/cordova-plugin-camera/www/CameraPopoverOptions.js",
            "pluginId": "cordova-plugin-camera",
            "clobbers": [
                "CameraPopoverOptions"
            ]
        },
        {
            "id": "cordova-plugin-camera.camera",
            "file": "plugins/cordova-plugin-camera/www/Camera.js",
            "pluginId": "cordova-plugin-camera",
            "clobbers": [
                "navigator.camera"
            ]
        },
        {
            "id": "cordova-plugin-camera.CameraPopoverHandle",
            "file": "plugins/cordova-plugin-camera/www/ios/CameraPopoverHandle.js",
            "pluginId": "cordova-plugin-camera",
            "clobbers": [
                "CameraPopoverHandle"
            ]
        },
        {
            "id": "cordova-plugin-device.device",
            "file": "plugins/cordova-plugin-device/www/device.js",
            "pluginId": "cordova-plugin-device",
            "clobbers": [
                "device"
            ]
        },
        {
            "id": "cordova-plugin-file.DirectoryEntry",
            "file": "plugins/cordova-plugin-file/www/DirectoryEntry.js",
            "pluginId": "cordova-plugin-file",
            "clobbers": [
                "window.DirectoryEntry"
            ]
        },
        {
            "id": "cordova-plugin-file.DirectoryReader",
            "file": "plugins/cordova-plugin-file/www/DirectoryReader.js",
            "pluginId": "cordova-plugin-file",
            "clobbers": [
                "window.DirectoryReader"
            ]
        },
        {
            "id": "cordova-plugin-file.Entry",
            "file": "plugins/cordova-plugin-file/www/Entry.js",
            "pluginId": "cordova-plugin-file",
            "clobbers": [
                "window.Entry"
            ]
        },
        {
            "id": "cordova-plugin-file.File",
            "file": "plugins/cordova-plugin-file/www/File.js",
            "pluginId": "cordova-plugin-file",
            "clobbers": [
                "window.File"
            ]
        },
        {
            "id": "cordova-plugin-file.FileEntry",
            "file": "plugins/cordova-plugin-file/www/FileEntry.js",
            "pluginId": "cordova-plugin-file",
            "clobbers": [
                "window.FileEntry"
            ]
        },
        {
            "id": "cordova-plugin-file.FileError",
            "file": "plugins/cordova-plugin-file/www/FileError.js",
            "pluginId": "cordova-plugin-file",
            "clobbers": [
                "window.FileError"
            ]
        },
        {
            "id": "cordova-plugin-file.FileReader",
            "file": "plugins/cordova-plugin-file/www/FileReader.js",
            "pluginId": "cordova-plugin-file",
            "clobbers": [
                "window.FileReader"
            ]
        },
        {
            "id": "cordova-plugin-file.FileSystem",
            "file": "plugins/cordova-plugin-file/www/FileSystem.js",
            "pluginId": "cordova-plugin-file",
            "clobbers": [
                "window.FileSystem"
            ]
        },
        {
            "id": "cordova-plugin-file.FileUploadOptions",
            "file": "plugins/cordova-plugin-file/www/FileUploadOptions.js",
            "pluginId": "cordova-plugin-file",
            "clobbers": [
                "window.FileUploadOptions"
            ]
        },
        {
            "id": "cordova-plugin-file.FileUploadResult",
            "file": "plugins/cordova-plugin-file/www/FileUploadResult.js",
            "pluginId": "cordova-plugin-file",
            "clobbers": [
                "window.FileUploadResult"
            ]
        },
        {
            "id": "cordova-plugin-file.FileWriter",
            "file": "plugins/cordova-plugin-file/www/FileWriter.js",
            "pluginId": "cordova-plugin-file",
            "clobbers": [
                "window.FileWriter"
            ]
        },
        {
            "id": "cordova-plugin-file.Flags",
            "file": "plugins/cordova-plugin-file/www/Flags.js",
            "pluginId": "cordova-plugin-file",
            "clobbers": [
                "window.Flags"
            ]
        },
        {
            "id": "cordova-plugin-file.LocalFileSystem",
            "file": "plugins/cordova-plugin-file/www/LocalFileSystem.js",
            "pluginId": "cordova-plugin-file",
            "clobbers": [
                "window.LocalFileSystem"
            ],
            "merges": [
                "window"
            ]
        },
        {
            "id": "cordova-plugin-file.Metadata",
            "file": "plugins/cordova-plugin-file/www/Metadata.js",
            "pluginId": "cordova-plugin-file",
            "clobbers": [
                "window.Metadata"
            ]
        },
        {
            "id": "cordova-plugin-file.ProgressEvent",
            "file": "plugins/cordova-plugin-file/www/ProgressEvent.js",
            "pluginId": "cordova-plugin-file",
            "clobbers": [
                "window.ProgressEvent"
            ]
        },
        {
            "id": "cordova-plugin-file.fileSystems",
            "file": "plugins/cordova-plugin-file/www/fileSystems.js",
            "pluginId": "cordova-plugin-file"
        },
        {
            "id": "cordova-plugin-file.requestFileSystem",
            "file": "plugins/cordova-plugin-file/www/requestFileSystem.js",
            "pluginId": "cordova-plugin-file",
            "clobbers": [
                "window.requestFileSystem"
            ]
        },
        {
            "id": "cordova-plugin-file.resolveLocalFileSystemURI",
            "file": "plugins/cordova-plugin-file/www/resolveLocalFileSystemURI.js",
            "pluginId": "cordova-plugin-file",
            "merges": [
                "window"
            ]
        },
        {
            "id": "cordova-plugin-file.isChrome",
            "file": "plugins/cordova-plugin-file/www/browser/isChrome.js",
            "pluginId": "cordova-plugin-file",
            "runs": true
        },
        {
            "id": "cordova-plugin-file.iosFileSystem",
            "file": "plugins/cordova-plugin-file/www/ios/FileSystem.js",
            "pluginId": "cordova-plugin-file",
            "merges": [
                "FileSystem"
            ]
        },
        {
            "id": "cordova-plugin-file.fileSystems-roots",
            "file": "plugins/cordova-plugin-file/www/fileSystems-roots.js",
            "pluginId": "cordova-plugin-file",
            "runs": true
        },
        {
            "id": "cordova-plugin-file.fileSystemPaths",
            "file": "plugins/cordova-plugin-file/www/fileSystemPaths.js",
            "pluginId": "cordova-plugin-file",
            "merges": [
                "cordova"
            ],
            "runs": true
        },
        {
            "id": "cordova-plugin-file-transfer.FileTransferError",
            "file": "plugins/cordova-plugin-file-transfer/www/FileTransferError.js",
            "pluginId": "cordova-plugin-file-transfer",
            "clobbers": [
                "window.FileTransferError"
            ]
        },
        {
            "id": "cordova-plugin-file-transfer.FileTransfer",
            "file": "plugins/cordova-plugin-file-transfer/www/FileTransfer.js",
            "pluginId": "cordova-plugin-file-transfer",
            "clobbers": [
                "window.FileTransfer"
            ]
        },
        {
            "id": "cordova-plugin-geolocation.Coordinates",
            "file": "plugins/cordova-plugin-geolocation/www/Coordinates.js",
            "pluginId": "cordova-plugin-geolocation",
            "clobbers": [
                "Coordinates"
            ]
        },
        {
            "id": "cordova-plugin-geolocation.PositionError",
            "file": "plugins/cordova-plugin-geolocation/www/PositionError.js",
            "pluginId": "cordova-plugin-geolocation",
            "clobbers": [
                "PositionError"
            ]
        },
        {
            "id": "cordova-plugin-geolocation.Position",
            "file": "plugins/cordova-plugin-geolocation/www/Position.js",
            "pluginId": "cordova-plugin-geolocation",
            "clobbers": [
                "Position"
            ]
        },
        {
            "id": "cordova-plugin-geolocation.geolocation",
            "file": "plugins/cordova-plugin-geolocation/www/geolocation.js",
            "pluginId": "cordova-plugin-geolocation",
            "clobbers": [
                "navigator.geolocation"
            ]
        },
        {
            "id": "cordova-plugin-network-information.network",
            "file": "plugins/cordova-plugin-network-information/www/network.js",
            "pluginId": "cordova-plugin-network-information",
            "clobbers": [
                "navigator.connection",
                "navigator.network.connection"
            ]
        },
        {
            "id": "cordova-plugin-network-information.Connection",
            "file": "plugins/cordova-plugin-network-information/www/Connection.js",
            "pluginId": "cordova-plugin-network-information",
            "clobbers": [
                "Connection"
            ]
        },
        {
            "id": "cordova-plugin-splashscreen.SplashScreen",
            "file": "plugins/cordova-plugin-splashscreen/www/splashscreen.js",
            "pluginId": "cordova-plugin-splashscreen",
            "clobbers": [
                "navigator.splashscreen"
            ]
        },
        {
            "id": "cordova-plugin-zip.Zip",
            "file": "plugins/cordova-plugin-zip/zip.js",
            "pluginId": "cordova-plugin-zip",
            "clobbers": [
                "zip"
            ]
        },
        {
            "id": "cordova-sqlite-storage.SQLitePlugin",
            "file": "plugins/cordova-sqlite-storage/www/SQLitePlugin.js",
            "pluginId": "cordova-sqlite-storage",
            "clobbers": [
                "SQLitePlugin"
            ]
        },
        {
            "id": "cordova-plugin-file-opener2.FileOpener2",
            "file": "plugins/cordova-plugin-file-opener2/www/plugins.FileOpener2.js",
            "pluginId": "cordova-plugin-file-opener2",
            "clobbers": [
                "cordova.plugins.fileOpener2"
            ]
        }
    ],
    "plugin_metadata": {
        "cordova-plugin-android-permissions": "1.0.0",
        "cordova-plugin-app-version": "0.1.9",
        "cordova-plugin-appversion": "1.0.0",
        "cordova-plugin-camera": "2.4.1",
        "cordova-plugin-device": "2.0.2",
        "cordova-plugin-file": "4.3.3",
        "cordova-plugin-file-transfer": "1.7.1",
        "cordova-plugin-geolocation": "2.4.3",
        "cordova-plugin-network-information": "2.0.1",
        "cordova-plugin-splashscreen": "5.0.2",
        "cordova-plugin-whitelist": "1.2.2",
        "cordova-plugin-zip": "3.1.0",
        "cordova-sqlite-storage": "2.3.2",
        "cordova-plugin-compat": "1.2.0",
        "cordova-plugin-file-opener2": "2.0.19"
    }
}