{
  "observations": [
    {
      "AdditionalObserverTab": [
        {
          "ObserverNo": 1,
          "AdditionalObserverName": "Glen Morris"
        },
        {
          "ObserverNo": 2,
          "AdditionalObserverName": "Charles Tran"
        }
      ],
      "PlantObsTab": [
        {
          "PlantObsTargetTab": [
            {
              "TargetTaxonId_O_N_0_T": "1234551",
              "TargetTaxonText_M_S_0_T": "target taxon name",
              "TargetCount_O_N_0_T": "900",
              "TargetObservedCode_M_S_0_T": "P",
              "CommentText_O_S_0_T": "no comment here"
            }
          ],
          "PlantObsAttachmentTab": [
            {
              "AttachmentNo": 1,
              "AttachmentPath": ""
            },
            {
              "AttachmentNo": 2,
              "AttachmentPath": ""
            },
            {
              "AttachmentNo": 3,
              "AttachmentPath": ""
            },
            {
              "AttachmentNo": 4,
              "AttachmentPath": ""
            },
            {
              "AttachmentNo": 5,
              "AttachmentPath": ""
            }
          ],
          "PlantTaxonId_M_N_0_H": "123455",
          "PlantTaxonText_M_S_0_H": "host name - 1",
          "HostStatCount_M_N_0_H": "5",
          "HostStatAreaNo_M_N_0_H": "0",
          "CheckFutureSurveyFlag_O_S_0_H": "N",
          "ExternalPhotoExistFlag_O_S_0_H": "N",
          "PlantObsMethodCode_M_S_0_H": "D",
          "CommentText_O_S_0_H": "no comment",
          "PlantLifeStgCode_O_S_0_H": "S",
          "LocationPointWktClob_O_S_0_H": "POINT (143.196948 -3.526742)",
          "GpsDatumId_O_S_0_H": "WGS84"
        },
        {
          "PlantObsTargetTab": [
            {
              "TargetTaxonId_O_N_1_T": "1234561",
              "TargetTaxonText_M_S_1_T": "target taxon name",
              "TargetCount_O_N_1_T": "900",
              "TargetObservedCode_M_S_1_T": "P",
              "CommentText_O_S_1_T": "no comment here"
            }
          ],
          "PlantObsAttachmentTab": [
            {
              "AttachmentNo": 6,
              "AttachmentPath": ""
            },
            {
              "AttachmentNo": 7,
              "AttachmentPath": ""
            },
            {
              "AttachmentNo": 8,
              "AttachmentPath": ""
            },
            {
              "AttachmentNo": 9,
              "AttachmentPath": ""
            },
            {
              "AttachmentNo": 10,
              "AttachmentPath": ""
            }
          ],
          "PlantTaxonId_M_N_1_H": "123456",
          "PlantTaxonText_M_S_1_H": "host name - 2",
          "HostStatCount_M_N_1_H": "0",
          "HostStatAreaNo_M_N_1_H": "4",
          "CheckFutureSurveyFlag_O_S_1_H": "N",
          "ExternalPhotoExistFlag_O_S_1_H": "N",
          "PlantObsMethodCode_M_S_1_H": "D",
          "CommentText_O_S_1_H": "no comment",
          "PlantLifeStgCode_O_S_1_H": "S",
          "LocationPointWktClob_O_S_1_H": "POINT (143.196948 -3.526742)",
          "GpsDatumId_O_S_1_H": "WGS84"
        }
      ],
      "PlantSampleTab": [
        {
          "AdditionalCollectorTab": [
            "1",
            "2"
          ],
          "PlantPreservationTab": [
            "FR",
            "EX",
            "O"
          ],
          "PlantPartTab": [
            "LE",
            "FL",
            "BR"
          ],
          "EntoLifeStgTab": [

          ],
          "SampleAttachmentTab": [
            {
              "AttachmentNo": 1,
              "AttachmentPath": ""
            },
            {
              "AttachmentNo": 2,
              "AttachmentPath": ""
            },
            {
              "AttachmentNo": 3,
              "AttachmentPath": ""
            },
            {
              "AttachmentNo": 4,
              "AttachmentPath": ""
            },
            {
              "AttachmentNo": 5,
              "AttachmentPath": ""
            }
          ],
          "SampleFieldLabelText_M_S_2_S": "SM00001",
          "CollectedSampleCount_O_N_2_S": "1",
          "LinkedSampleFieldLabelText_O_S_2_S": "anothersamplelabel",
          "PrelimTaxonId_O_N_2_S": "45678",
          "PrelimTaxonText_M_S_2_S": "a taxon name",
          "SamplePointWktClob_M_S_2_S": "POINT (140 -12)",
          "GpsDatumId_M_S_2_S": "WGS84",
          "CollectedDatetime_M_D_2_S": "2018-06-05T12:34",
          "CollectedAltitudeNo_O_N_2_S": "23",
          "CommentText_O_S_2_S": "no comment here",
          "HostFlag_M_S_2_S": "Y",
          "HostTaxonId_O_N_2_S": "456789",
          "HostTaxonText_M_S_2_S": "a taxon name in here",
          "HostIdentifiedUserId_O_N_2_S": "6",
          "PathSymptomsText_O_S_2_S": "looks pretty sick",
          "PlantPreservOtherText_O_S_2_S": "burnt it also",
          "PathIncidCode_O_S_2_S": "L",
          "PathSevCode_O_S_2_S": "H",
          "ExternalPhotoExistFlag_O_S_2_S": "N"
        },
        {
          "AdditionalCollectorTab": [
            "1",
            "2"
          ],
          "PlantPreservationTab": [
            "FR",
            "EX",
            "O"
          ],
          "PlantPartTab": [
            "LE",
            "FL",
            "BR"
          ],
          "EntoLifeStgTab": [

          ],
          "SampleAttachmentTab": [
            {
              "AttachmentNo": 6,
              "AttachmentPath": ""
            },
            {
              "AttachmentNo": 7,
              "AttachmentPath": ""
            },
            {
              "AttachmentNo": 8,
              "AttachmentPath": ""
            },
            {
              "AttachmentNo": 9,
              "AttachmentPath": ""
            },
            {
              "AttachmentNo": 10,
              "AttachmentPath": ""
            }
          ],
          "SampleFieldLabelText_M_S_1_S": "SM00004",
          "CollectedSampleCount_O_N_1_S": "1",
          "LinkedSampleFieldLabelText_O_S_1_S": "anothersamplelabel",
          "PrelimTaxonId_O_N_1_S": "45678",
          "PrelimTaxonText_M_S_1_S": "a taxon name",
          "SamplePointWktClob_M_S_1_S": "POINT (140 -12)",
          "GpsDatumId_M_S_1_S": "WGS84",
          "CollectedDatetime_M_D_1_S": "2018-06-05T12:34",
          "CollectedAltitudeNo_O_N_1_S": "23",
          "CommentText_O_S_1_S": "no comment here",
          "HostFlag_M_S_1_S": "Y",
          "HostTaxonId_O_N_1_S": "456789",
          "HostTaxonText_M_S_1_S": "a taxon name in here",
          "HostIdentifiedUserId_O_N_1_S": "6",
          "PathSymptomsText_O_S_1_S": "looks pretty sick",
          "PlantPreservOtherText_O_S_1_S": "burnt it also",
          "PathIncidCode_O_S_1_S": "L",
          "PathSevCode_O_S_1_S": "H",
          "ExternalPhotoExistFlag_O_S_1_S": "N"
        }
      ],
      "ObsAttachmentTab": [

      ],
      "SurvActivityId_M_N": 75,
      "SiteId_O_N": 100,
      "WaypointNumber_O_N": 12,
      "ObservationDate_M_D": "2018-06-05",
      "ObservationStaffId_M_N": 5,
      "DurationMinsCount_O_N": 6,
      "ObservationWhereWktClob_M_S": "POINT (143.196948 -3.526742)",
      "ObservWhereGpsDatumId_M_S": "WGS84",
      "AltitudeNo_O_N": 7,
      "id_M_N": 1,
      "status_M_N": 0,
      "PlantDisciplineCode_M_S": "P",
      "SubmittedByStaffId_M_N": 2
    },
    {
      "AdditionalObserverTab": [
        {
          "ObserverNo": 1,
          "AdditionalObserverName": "Glen Morris"
        },
        {
          "ObserverNo": 2,
          "AdditionalObserverName": "Charles Tran"
        }
      ],
      "PlantObsTab": [
        {
          "PlantObsTargetTab": [
            {
              "TargetTaxonId_O_N_0_T": "12345",
              "TargetTaxonText_M_S_0_T": "target taxon name",
              "TargetCount_O_N_0_T": "987",
              "TargetObservedCode_M_S_0_T": "P",
              "CommentText_O_S_0_T": "no comment here"
            },
            {
              "TargetTaxonId_O_N_2_T": "12346",
              "TargetTaxonText_M_S_2_T": "target taxon name - 1",
              "TargetCount_O_N_2_T": "985",
              "TargetObservedCode_M_S_2_T": "A",
              "CommentText_O_S_2_T": "no comment here"
            }
          ],
          "PlantObsAttachmentTab": [
            {
              "AttachmentNo": 1,
              "AttachmentPath": ""
            },
            {
              "AttachmentNo": 2,
              "AttachmentPath": ""
            },
            {
              "AttachmentNo": 3,
              "AttachmentPath": ""
            },
            {
              "AttachmentNo": 4,
              "AttachmentPath": ""
            },
            {
              "AttachmentNo": 5,
              "AttachmentPath": ""
            }
          ],
          "PlantTaxonId_M_N_0_H": "123455",
          "PlantTaxonText_M_S_0_H": "host name - 1",
          "HostStatCount_M_N_0_H": "0",
          "HostStatAreaNo_M_N_0_H": "0",
          "CheckFutureSurveyFlag_O_S_0_H": "N",
          "ExternalPhotoExistFlag_O_S_0_H": "N",
          "PlantObsMethodCode_M_S_0_H": "D",
          "CommentText_O_S_0_H": "no comment",
          "PlantLifeStgCode_O_S_0_H": "S",
          "PlantStatusFruitingFlag_O_S_0_H": "N",
          "PlantStatusFloweringFlag_O_S_0_H": "N",
          "PlantStatusFlushingFlag_O_S_0_H": "N",
          "PlantStatusDeadWoodFlag_O_S_0_H": "N",
          "LocationPointWktClob_O_S_0_H": "POINT (142.476780 -3.367256)",
          "GpsDatumId_O_S_0_H": "WGS84"
        },
        {
          "PlantObsTargetTab": [
            {
              "TargetTaxonId_O_N_1_T": "12345",
              "TargetTaxonText_M_S_1_T": "target taxon name",
              "TargetCount_O_N_1_T": "987",
              "TargetObservedCode_M_S_1_T": "P",
              "CommentText_O_S_1_T": "no comment here"
            },
            {
              "TargetTaxonId_O_N_3_T": "12346",
              "TargetTaxonText_M_S_3_T": "target taxon name - 1",
              "TargetCount_O_N_3_T": "985",
              "TargetObservedCode_M_S_3_T": "A",
              "CommentText_O_S_3_T": "no comment here"
            }
          ],
          "PlantObsAttachmentTab": [
            {
              "AttachmentNo": 6,
              "AttachmentPath": ""
            },
            {
              "AttachmentNo": 7,
              "AttachmentPath": ""
            },
            {
              "AttachmentNo": 8,
              "AttachmentPath": ""
            },
            {
              "AttachmentNo": 9,
              "AttachmentPath": ""
            },
            {
              "AttachmentNo": 10,
              "AttachmentPath": ""
            }
          ],
          "PlantTaxonId_M_N_1_H": "123456",
          "PlantTaxonText_M_S_1_H": "host name - 2",
          "HostStatCount_M_N_1_H": "0",
          "HostStatAreaNo_M_N_1_H": "4",
          "CheckFutureSurveyFlag_O_S_1_H": "N",
          "ExternalPhotoExistFlag_O_S_1_H": "N",
          "PlantObsMethodCode_M_S_1_H": "D",
          "CommentText_O_S_1_H": "no comment",
          "PlantLifeStgCode_O_S_1_H": "S",
          "PlantStatusFruitingFlag_O_S_1_H": "N",
          "PlantStatusFloweringFlag_O_S_1_H": "N",
          "PlantStatusFlushingFlag_O_S_1_H": "N",
          "PlantStatusDeadWoodFlag_O_S_1_H": "N",
          "LocationPointWktClob_O_S_1_H": "POINT (142.476780 -3.367256)",
          "GpsDatumId_O_S_1_H": "WGS84"
        }
      ],
      "PlantSampleTab": [
        {
          "AdditionalCollectorTab": [
            "1",
            "2"
          ],
          "PlantPreservationTab": [
            "O"
          ],
          "PlantPartTab": [
            "LE",
            "FL",
            "BR"
          ],
          "EntoLifeStgTab": [
            "A",
            "E"
          ],
          "SampleAttachmentTab": [
            {
              "AttachmentNo": 1,
              "AttachmentPath": ""
            },
            {
              "AttachmentNo": 2,
              "AttachmentPath": ""
            },
            {
              "AttachmentNo": 3,
              "AttachmentPath": ""
            },
            {
              "AttachmentNo": 4,
              "AttachmentPath": ""
            },
            {
              "AttachmentNo": 5,
              "AttachmentPath": ""
            }
          ],
          "SampleFieldLabelText_M_S_1_S": "SM00002",
          "CollectedSampleCount_O_N_1_S": "1",
          "LinkedSampleFieldLabelText_O_S_1_S": "anothersamplelabel",
          "PrelimTaxonId_O_N_1_S": "45678",
          "PrelimTaxonText_M_S_1_S": "a taxon name",
          "SamplePointWktClob_M_S_1_S": "POINT (140 -12)",
          "GpsDatumId_M_S_1_S": "WGS84",
          "CollectedDatetime_M_D_1_S": "2018-06-05T12:34",
          "CollectedAltitudeNo_O_N_1_S": "23",
          "EntoCollMethodCode_M_S_1_S": "D",
          "CommentText_O_S_1_S": "no comment here",
          "HostFlag_M_S_1_S": "Y",
          "HostTaxonId_O_N_1_S": "456789",
          "HostTaxonText_M_S_1_S": "a taxon name in here",
          "HostIdentifiedUserId_O_N_1_S": "",
          "PlantPreservOtherText_O_S_1_S": "burnt it also",
          "EntoInfestedPctCode_O_S_1_S": "4",
          "EntoDamageLevelCode_O_S_1_S": "H",
          "EntoPestLevelCode_O_S_1_S": "M",
          "ExternalPhotoExistFlag_O_S_1_S": "N"
        }
      ],
      "ObsAttachmentTab": [

      ],
      "SurvActivityId_M_N": 75,
      "SiteId_O_N": 100,
      "WaypointNumber_O_N": 12,
      "ObservationDate_M_D": "2018-06-05",
      "ObservationStaffId_M_N": 5,
      "DurationMinsCount_O_N": 6,
      "ObservationWhereWktClob_M_S": "POINT (142.476780 -3.367256)",
      "ObservWhereGpsDatumId_M_S": "WGS84",
      "AltitudeNo_O_N": 7,
      "id_M_N": 2,
      "status_M_N": 0,
      "PlantDisciplineCode_M_S": "E",
      "SubmittedByStaffId_M_N": 2
    },
    {
      "AdditionalObserverTab": [
        {
          "ObserverNo": 1,
          "AdditionalObserverName": "Glen Morris"
        },
        {
          "ObserverNo": 2,
          "AdditionalObserverName": "Charles Tran"
        }
      ],
      "PlantObsTab": [
        {
          "PlantObsTargetTab": [

          ],
          "PlantObsAttachmentTab": [
            {
              "AttachmentNo": 1,
              "AttachmentPath": ""
            },
            {
              "AttachmentNo": 2,
              "AttachmentPath": ""
            },
            {
              "AttachmentNo": 3,
              "AttachmentPath": ""
            },
            {
              "AttachmentNo": 4,
              "AttachmentPath": ""
            },
            {
              "AttachmentNo": 5,
              "AttachmentPath": ""
            }
          ],
          "PlantTaxonId_O_N_0_H": "123455",
          "PlantTaxonText_M_S_0_H": "host name - 1",
          "CountList_M_S_0_H": "List",
          "HostStatCount_M_N_0_H": "5",
          "HostStatAreaNo_M_N_0_H": "0",
          "CheckFutureSurveyFlag_O_S_0_H": "N",
          "ExternalPhotoExistFlag_O_S_0_H": "N",
          "LocationPointWktClob_O_S_0_H": "POINT (143.659920 -3.926422)",
          "GpsDatumId_O_S_0_H": "WGS84",
          "CommentText_O_S_0_H": "no comment"
        },
        {
          "PlantObsTargetTab": [

          ],
          "PlantObsAttachmentTab": [
            {
              "AttachmentNo": 6,
              "AttachmentPath": ""
            },
            {
              "AttachmentNo": 7,
              "AttachmentPath": ""
            },
            {
              "AttachmentNo": 8,
              "AttachmentPath": ""
            },
            {
              "AttachmentNo": 9,
              "AttachmentPath": ""
            },
            {
              "AttachmentNo": 10,
              "AttachmentPath": ""
            }
          ],
          "PlantTaxonId_O_N_1_H": "123456",
          "PlantTaxonText_M_S_1_H": "host name - 2",
          "CountList_M_S_1_H": "List",
          "HostStatCount_M_N_1_H": "0",
          "HostStatAreaNo_M_N_1_H": "4",
          "CheckFutureSurveyFlag_O_S_1_H": "N",
          "ExternalPhotoExistFlag_O_S_1_H": "N",
          "LocationPointWktClob_O_S_1_H": "POINT (143.659920 -3.926422)",
          "GpsDatumId_O_S_1_H": "WGS84",
          "CommentText_O_S_1_H": "no comment"
        }
      ],
      "PlantSampleTab": [
        {
          "AdditionalCollectorTab": [
            "1",
            "2"
          ],
          "PlantPreservationTab": [
            "O"
          ],
          "PlantPartTab": [

          ],
          "EntoLifeStgTab": [

          ],
          "SampleAttachmentTab": [
            {
              "AttachmentNo": 1,
              "AttachmentPath": ""
            },
            {
              "AttachmentNo": 2,
              "AttachmentPath": ""
            },
            {
              "AttachmentNo": 3,
              "AttachmentPath": ""
            },
            {
              "AttachmentNo": 4,
              "AttachmentPath": ""
            },
            {
              "AttachmentNo": 5,
              "AttachmentPath": ""
            }
          ],
          "SampleFieldLabelText_M_S_1_S": "SM00003",
          "CollectedSampleCount_O_N_1_S": "1",
          "LinkedSampleFieldLabelText_O_S_1_S": "anothersamplelabel",
          "PrelimTaxonId_O_N_1_S": "45678",
          "PrelimTaxonText_M_S_1_S": "a taxon name",
          "SamplePointWktClob_M_S_1_S": "POINT (140 -12)",
          "GpsDatumId_M_S_1_S": "WGS84",
          "CollectedDatetime_M_D_1_S": "2018-06-05T12:34",
          "CollectedAltitudeNo_O_N_1_S": "23",
          "CommentText_O_S_1_S": "no comment here",
          "HostIdentifiedUserId_O_N_1_S": "282",
          "HabitText_O_S_1_S": "habit text",
          "DetailedDescriptionText_O_S_1_S": "detailed desc text",
          "HabitatText_O_S_1_S": "habitat text",
          "LandformText_O_S_1_S": "landform text",
          "SoilGeologyText_O_S_1_S": "soil geology text",
          "AbundanceText_O_S_1_S": "abundance text",
          "BotPlantPreserverOtherText_O_S_1_S": "",
          "ExternalPhotoExistFlag_O_S_1_S": "N"
        }
      ],
      "ObsAttachmentTab": [

      ],
      "SurvActivityId_M_N": 75,
      "SiteId_O_N": 100,
      "WaypointNumber_O_N": 12,
      "ObservationDate_M_D": "2018-06-05",
      "ObservationStaffId_M_N": 5,
      "DurationMinsCount_O_N": 6,
      "ObservationWhereWktClob_M_S": "POINT (143.659920 -3.926422)",
      "ObservWhereGpsDatumId_M_S": "WGS84",
      "AltitudeNo_O_N": 7,
      "id_M_N": 3,
      "status_M_N": 0,
      "PlantDisciplineCode_M_S": "B",
      "SubmittedByStaffId_M_N": 2
    }
  ]
}