{  
   "PlantHealthReferenceCodes":{  
      "EntoCollectionMethod":[
         {  "code":"D",           "desc": "Direct",           "seq":1         },
         {  "code":"B",            "desc":"Beating",           "seq":2         },
         {  "code":"S",            "desc":"Sweeping",          "seq":3         },
         {  "code":"T",            "desc":"Trap",              "seq":4         },
         {  "code":"O",            "desc":"Other",             "seq":5         }
      ],
      "EntoDamageLevel":[  
         {  "code":"H",            "desc":"Heavy",             "seq":1         },
         {  "code":"M",            "desc":"Medium",            "seq":2         },
         {  "code":"L",            "desc":"Light",             "seq":3         },
         {  "code":"I",            "desc":"Imperceptible",     "seq":4         }
      ],
      "EntoInfestedPct":[  
         {  "code":"1",            "desc":"0-24%",             "seq":1         },
         {  "code":"2",            "desc":"25-49%",            "seq":2         },
         {  "code":"3",            "desc":"50-74%",            "seq":3         },
         {  "code":"4",            "desc":"75-100%",           "seq":4         }
      ],
      "EntoLifeStage":[  
         {  "code":"A",            "desc":"Adult",             "seq":1         },
         {  "code":"E",            "desc":"Egg",               "seq":2         },
         {  "code":"I",            "desc":"Immature",          "seq":3         },
         {  "code":"P",            "desc":"Pupae",             "seq":4         }
      ],
      "EntoPestLevel":[  
         {  "code":"H",            "desc":"Heavy",             "seq":1         },
         {  "code":"M",            "desc":"Medium",            "seq":2         },
         {  "code":"L",            "desc":"Light",             "seq":3         }
      ],
      "PathIncidence":[  
         {  "code":"H",            "desc":"Heavy",             "seq":1         },
         {  "code":"M",            "desc":"Medium",            "seq":2         },
         {  "code":"L",            "desc":"Light",             "seq":3         }
      ],
      "PathSeverity":[  
         {  "code":"H",            "desc":"Heavy",             "seq":1         },
         {  "code":"M",            "desc":"Medium",            "seq":2         },
         {  "code":"L",            "desc":"Light",             "seq":3         }
      ],
      "PlantDiscipline":[  
         {  "code":"B",            "desc":"Botany",            "seq":1         },
         {  "code":"E",            "desc":"Entomology",        "seq":2         },
         {  "code":"P",            "desc":"Pathology",         "seq":3         }
      ],
      "PlantLifeStage":[  
         {  "code":"S",            "desc":"Seedling",          "seq":1         },
         {  "code":"M",            "desc":"Mature",            "seq":2         }
      ],
      "PlantObservationMethod":[  
         {  "code":"D",            "desc":"Direct",            "seq":1         },
         {  "code":"S",            "desc":"Sweep",             "seq":2         },
         {  "code":"B",            "desc":"Beat",              "seq":3         },
         {  "code":"C",            "desc":"Dissection",        "seq":4         },
         {  "code":"O",            "desc":"Other",             "seq":5         }
      ],
      "PlantStatisticType":[  
         {  "code":"A",            "desc":"Area",              "seq":1         },
         {  "code":"C",            "desc":"Count",             "seq":2         }
      ],
      "TargetObserved":[  
         {  "code":"A",            "desc":"Not observed",      "seq":1         },
         {  "code":"P",            "desc":"Present",           "seq":2         },
         {  "code":"S",            "desc":"Suspected",         "seq":3         },
         {  "code":"N",            "desc":"Not done",          "seq":4         }
      ],
      "EntoPlantPart":[  
         {  "code":"LE",            "desc":"Leaves",           "seq":1         },
         {  "code":"FL",            "desc":"Flower",           "seq":2         },
         {  "code":"FR",            "desc":"Fruit",            "seq":3         },
         {  "code":"SE",            "desc":"Seeds",            "seq":4         },
         {  "code":"ST",            "desc":"Stem",             "seq":5         },
         {  "code":"SH",            "desc":"Shoot",            "seq":6         },
         {  "code":"RO",            "desc":"Root",             "seq":7         },
         {  "code":"BR",            "desc":"Branch",           "seq":8         },
         {  "code":"TR",            "desc":"Trunk",            "seq":9         }
      ],
      "PathPlantPart":[  
         {  "code":"LE",            "desc":"Leaves",           "seq":1         },
         {  "code":"FL",            "desc":"Flower",           "seq":2         },
         {  "code":"FR",            "desc":"Fruit",            "seq":3         },
         {  "code":"SE",            "desc":"Seeds",            "seq":4         },
         {  "code":"ST",            "desc":"Stem",             "seq":5         },
         {  "code":"SH",            "desc":"Shoot",            "seq":6         },
         {  "code":"RO",            "desc":"Root",             "seq":7         },
         {  "code":"BR",            "desc":"Branch",           "seq":8         },
         {  "code":"TR",            "desc":"Trunk",            "seq":9         },
         {  "code":"WP",            "desc":"Whole Plant",      "seq":10        },
         {  "code":"SO",            "desc":"Soil",             "seq":11        }
      ],
      "BotPlantPreserve":[  
         {  "code":"SP",            "desc":"Spirit Sample",    "seq":1        },
         {  "code":"DN",            "desc":"DNA Sample",       "seq":2        },
         {  "code":"O",             "desc":"Other",            "seq":13       }
      ],
      "EntoPlantPreserve":[  
         {  "code":"W7",            "desc":"Wet (Ethanol 70-80%)",  "seq":3         },
         {  "code":"W8",            "desc":"Wet (Ethanol\u003E80%)","seq":4         },
         {  "code":"RE",            "desc":"Rearing",               "seq":5         },
         {  "code":"FT",            "desc":"FTA Card",              "seq":6         },
         {  "code":"DR",            "desc":"Dry",                   "seq":7         },
         {  "code":"O",             "desc":"Other",                 "seq":13        }
      ],
      "PathPlantPreserve":[  
         {  "code":"FR",            "desc":"Fresh",               "seq":8         },
         {  "code":"PR",            "desc":"Pressed",             "seq":9         },
         {  "code":"EX",            "desc":"Extract",             "seq":10        },
         {  "code":"IS",            "desc":"Isolation",           "seq":11        },
         {  "code":"DE",            "desc":"Dessicate",           "seq":12        },
         {  "code":"O",             "desc":"Other",               "seq":13        }
      ]
   }
}