{
  "species": [
    {
      "speciesCode": "CTL",
      "speciesName": "Cattle",
      "taxa": [
        {
          "id": 97025,
          "name": "Bos Linnaeus, 1758"
        },
        {
          "id": 97108,
          "name": "Bos javanicus D'Alton, 1823"
        },
        {
          "id": 97139,
          "name": "Bos indicus Linnaeus, 1758"
        },
        {
          "id": 97313,
          "name": "Bos taurus Linnaeus, 1758"
        }
      ],
      "requiredSyndromes": [
        "001",
        "002",
        "003",
        "004",
        "005"
      ],
      "possibleSamples": [
        {
          "sampleTypeCode": "BL",
          "sampleTypeName": "Blood (Serum)",
          "testFors": [
            {
              "testForCode": "2",
              "testForName": "BTV",
              "commentRequired": "N"
            },
            {
              "testForCode": "3",
              "testForName": "Surra",
              "commentRequired": "N"
            },
            {
              "testForCode": "4",
              "testForName": "AKA",
              "commentRequired": "N"
            },
            {
              "testForCode": "5",
              "testForName": "BEF",
              "commentRequired": "N"
            },
            {
              "testForCode": "6",
              "testForName": "JE",
              "commentRequired": "N"
            },
            {
              "testForCode": "7",
              "testForName": "CSF",
              "commentRequired": "N"
            },
            {
              "testForCode": "0",
              "testForName": "Other",
              "commentRequired": "Y"
            },
            {
              "testForCode": "10",
              "testForName": "Rabies",
              "commentRequired": "N"
            },
            {
              "testForCode": "12",
              "testForName": "AD",
              "commentRequired": "N"
            }
          ]
        },
        {
          "sampleTypeCode": "LH",
          "sampleTypeName": "Blood (Lithium Heparin)",
          "testFors": [
            {
              "testForCode": "2",
              "testForName": "BTV",
              "commentRequired": "N"
            },
            {
              "testForCode": "4",
              "testForName": "AKA",
              "commentRequired": "N"
            },
            {
              "testForCode": "5",
              "testForName": "BEF",
              "commentRequired": "N"
            },
            {
              "testForCode": "0",
              "testForName": "Other",
              "commentRequired": "Y"
            }
          ]
        },
        {
          "sampleTypeCode": "ED",
          "sampleTypeName": "Blood (EDTA)",
          "testFors": [
            {
              "testForCode": "0",
              "testForName": "Other",
              "commentRequired": "Y"
            }
          ]
        },
        {
          "sampleTypeCode": "SB",
          "sampleTypeName": "Swab (Bacterial)",
          "testFors": [
            {
              "testForCode": "0",
              "testForName": "Other",
              "commentRequired": "Y"
            }
          ]
        },
        {
          "sampleTypeCode": "O",
          "sampleTypeName": "Other",
          "testFors": [
            {
              "testForCode": "0",
              "testForName": "Other",
              "commentRequired": "Y"
            }
          ]
        },
        {
          "sampleTypeCode": "F",
          "sampleTypeName": "Fluid",
          "testFors": [
            {
              "testForCode": "0",
              "testForName": "Other",
              "commentRequired": "Y"
            }
          ]
        },
        {
          "sampleTypeCode": "M",
          "sampleTypeName": "Maggots",
          "testFors": [
            {
              "testForCode": "9",
              "testForName": "SWF Exclusion",
              "commentRequired": "N"
            }
          ]
        },
        {
          "sampleTypeCode": "T",
          "sampleTypeName": "Tissue",
          "testFors": [
            {
              "testForCode": "0",
              "testForName": "Other",
              "commentRequired": "Y"
            }
          ]
        },
        {
          "sampleTypeCode": "SV",
          "sampleTypeName": "Swab (Viral)",
          "testFors": [
            {
              "testForCode": "0",
              "testForName": "Other",
              "commentRequired": "Y"
            }
          ]
        }
      ]
    },
    {
      "speciesCode": "BUF",
      "speciesName": "Buffalo",
      "taxa": [
        {
          "id": 97112,
          "name": "Bubalus bubalis (Linnaeus, 1758)"
        }
      ],
      "requiredSyndromes": [
        "001",
        "002",
        "003",
        "004",
        "005"
      ],
      "possibleSamples": [
        {
          "sampleTypeCode": "BL",
          "sampleTypeName": "Blood (Serum)",
          "testFors": [
            {
              "testForCode": "3",
              "testForName": "Surra",
              "commentRequired": "N"
            },
            {
              "testForCode": "0",
              "testForName": "Other",
              "commentRequired": "Y"
            },
            {
              "testForCode": "10",
              "testForName": "Rabies",
              "commentRequired": "N"
            }
          ]
        },
        {
          "sampleTypeCode": "LH",
          "sampleTypeName": "Blood (Lithium Heparin)",
          "testFors": [
            {
              "testForCode": "0",
              "testForName": "Other",
              "commentRequired": "Y"
            }
          ]
        },
        {
          "sampleTypeCode": "ED",
          "sampleTypeName": "Blood (EDTA)",
          "testFors": [
            {
              "testForCode": "0",
              "testForName": "Other",
              "commentRequired": "Y"
            }
          ]
        },
        {
          "sampleTypeCode": "SB",
          "sampleTypeName": "Swab (Bacterial)",
          "testFors": [
            {
              "testForCode": "0",
              "testForName": "Other",
              "commentRequired": "Y"
            }
          ]
        },
        {
          "sampleTypeCode": "O",
          "sampleTypeName": "Other",
          "testFors": [
            {
              "testForCode": "0",
              "testForName": "Other",
              "commentRequired": "Y"
            }
          ]
        },
        {
          "sampleTypeCode": "F",
          "sampleTypeName": "Fluid",
          "testFors": [
            {
              "testForCode": "0",
              "testForName": "Other",
              "commentRequired": "Y"
            }
          ]
        },
        {
          "sampleTypeCode": "M",
          "sampleTypeName": "Maggots",
          "testFors": [
            {
              "testForCode": "9",
              "testForName": "SWF Exclusion",
              "commentRequired": "N"
            }
          ]
        },
        {
          "sampleTypeCode": "T",
          "sampleTypeName": "Tissue",
          "testFors": [
            {
              "testForCode": "0",
              "testForName": "Other",
              "commentRequired": "Y"
            }
          ]
        },
        {
          "sampleTypeCode": "SV",
          "sampleTypeName": "Swab (Viral)",
          "testFors": [
            {
              "testForCode": "0",
              "testForName": "Other",
              "commentRequired": "Y"
            }
          ]
        }
      ]
    },
    {
      "speciesCode": "CAM",
      "speciesName": "Camel",
      "taxa": [
        {
          "id": 97144,
          "name": "Camelus dromedarius Linnaeus, 1758"
        }
      ],
      "requiredSyndromes": [
        "001",
        "002",
        "003",
        "004",
        "005"
      ],
      "possibleSamples": [
        
      ]
    },
    {
      "speciesCode": "CAT",
      "speciesName": "Cat",
      "taxa": [
        {
          "id": 80733,
          "name": "Felis catus Linnaeus, 1758"
        }
      ],
      "requiredSyndromes": [
        "001",
        "002",
        "003",
        "004",
        "005",
        "007"
      ],
      "possibleSamples": [
        
      ]
    },
    {
      "speciesCode": "DER",
      "speciesName": "Deer",
      "taxa": [
        {
          "id": 97152,
          "name": "Cervus timorensis Blainville, 1822"
        }
      ],
      "requiredSyndromes": [
        "001",
        "002",
        "003",
        "004",
        "005"
      ],
      "possibleSamples": [
        
      ]
    },
    {
      "speciesCode": "GOT",
      "speciesName": "Goat",
      "taxa": [
        {
          "id": 97081,
          "name": "Capra hircus Linnaeus, 1758"
        }
      ],
      "requiredSyndromes": [
        "001",
        "002",
        "003",
        "004",
        "005"
      ],
      "possibleSamples": [
        {
          "sampleTypeCode": "BL",
          "sampleTypeName": "Blood (Serum)",
          "testFors": [
            {
              "testForCode": "2",
              "testForName": "BTV",
              "commentRequired": "N"
            },
            {
              "testForCode": "3",
              "testForName": "Surra",
              "commentRequired": "N"
            },
            {
              "testForCode": "0",
              "testForName": "Other",
              "commentRequired": "Y"
            },
            {
              "testForCode": "10",
              "testForName": "Rabies",
              "commentRequired": "N"
            },
            {
              "testForCode": "12",
              "testForName": "AD",
              "commentRequired": "N"
            }
          ]
        },
        {
          "sampleTypeCode": "LH",
          "sampleTypeName": "Blood (Lithium Heparin)",
          "testFors": [
            {
              "testForCode": "2",
              "testForName": "BTV",
              "commentRequired": "N"
            },
            {
              "testForCode": "0",
              "testForName": "Other",
              "commentRequired": "Y"
            }
          ]
        },
        {
          "sampleTypeCode": "ED",
          "sampleTypeName": "Blood (EDTA)",
          "testFors": [
            {
              "testForCode": "0",
              "testForName": "Other",
              "commentRequired": "Y"
            }
          ]
        },
        {
          "sampleTypeCode": "SB",
          "sampleTypeName": "Swab (Bacterial)",
          "testFors": [
            {
              "testForCode": "0",
              "testForName": "Other",
              "commentRequired": "Y"
            }
          ]
        },
        {
          "sampleTypeCode": "O",
          "sampleTypeName": "Other",
          "testFors": [
            {
              "testForCode": "0",
              "testForName": "Other",
              "commentRequired": "Y"
            }
          ]
        },
        {
          "sampleTypeCode": "F",
          "sampleTypeName": "Fluid",
          "testFors": [
            {
              "testForCode": "0",
              "testForName": "Other",
              "commentRequired": "Y"
            }
          ]
        },
        {
          "sampleTypeCode": "M",
          "sampleTypeName": "Maggots",
          "testFors": [
            {
              "testForCode": "9",
              "testForName": "SWF Exclusion",
              "commentRequired": "N"
            }
          ]
        },
        {
          "sampleTypeCode": "T",
          "sampleTypeName": "Tissue",
          "testFors": [
            {
              "testForCode": "0",
              "testForName": "Other",
              "commentRequired": "Y"
            }
          ]
        },
        {
          "sampleTypeCode": "SV",
          "sampleTypeName": "Swab (Viral)",
          "testFors": [
            {
              "testForCode": "0",
              "testForName": "Other",
              "commentRequired": "Y"
            }
          ]
        }
      ]
    },
    {
      "speciesCode": "HOR",
      "speciesName": "Horse",
      "taxa": [
        {
          "id": 101193,
          "name": "Equus caballus Linnaeus, 1758"
        }
      ],
      "requiredSyndromes": [
        "001",
        "002",
        "003",
        "004"
      ],
      "possibleSamples": [
        {
          "sampleTypeCode": "BL",
          "sampleTypeName": "Blood (Serum)",
          "testFors": [
            {
              "testForCode": "3",
              "testForName": "Surra",
              "commentRequired": "N"
            },
            {
              "testForCode": "0",
              "testForName": "Other",
              "commentRequired": "Y"
            },
            {
              "testForCode": "10",
              "testForName": "Rabies",
              "commentRequired": "N"
            }
          ]
        },
        {
          "sampleTypeCode": "LH",
          "sampleTypeName": "Blood (Lithium Heparin)",
          "testFors": [
            {
              "testForCode": "0",
              "testForName": "Other",
              "commentRequired": "Y"
            }
          ]
        },
        {
          "sampleTypeCode": "ED",
          "sampleTypeName": "Blood (EDTA)",
          "testFors": [
            {
              "testForCode": "0",
              "testForName": "Other",
              "commentRequired": "Y"
            }
          ]
        },
        {
          "sampleTypeCode": "SB",
          "sampleTypeName": "Swab (Bacterial)",
          "testFors": [
            {
              "testForCode": "0",
              "testForName": "Other",
              "commentRequired": "Y"
            }
          ]
        },
        {
          "sampleTypeCode": "O",
          "sampleTypeName": "Other",
          "testFors": [
            {
              "testForCode": "0",
              "testForName": "Other",
              "commentRequired": "Y"
            }
          ]
        },
        {
          "sampleTypeCode": "F",
          "sampleTypeName": "Fluid",
          "testFors": [
            {
              "testForCode": "0",
              "testForName": "Other",
              "commentRequired": "Y"
            }
          ]
        },
        {
          "sampleTypeCode": "M",
          "sampleTypeName": "Maggots",
          "testFors": [
            {
              "testForCode": "9",
              "testForName": "SWF Exclusion",
              "commentRequired": "N"
            }
          ]
        },
        {
          "sampleTypeCode": "T",
          "sampleTypeName": "Tissue",
          "testFors": [
            {
              "testForCode": "0",
              "testForName": "Other",
              "commentRequired": "Y"
            }
          ]
        },
        {
          "sampleTypeCode": "SV",
          "sampleTypeName": "Swab (Viral)",
          "testFors": [
            {
              "testForCode": "0",
              "testForName": "Other",
              "commentRequired": "Y"
            }
          ]
        }
      ]
    },
    {
      "speciesCode": "DKY",
      "speciesName": "Donkey",
      "taxa": [
        {
          "id": 97127,
          "name": "Equus asinus Linnaeus, 1758"
        }
      ],
      "requiredSyndromes": [
        "001",
        "002",
        "003",
        "004",
        "005"
      ],
      "possibleSamples": [
        {
          "sampleTypeCode": "BL",
          "sampleTypeName": "Blood (Serum)",
          "testFors": [
            {
              "testForCode": "0",
              "testForName": "Other",
              "commentRequired": "Y"
            },
            {
              "testForCode": "10",
              "testForName": "Rabies",
              "commentRequired": "N"
            }
          ]
        },
        {
          "sampleTypeCode": "LH",
          "sampleTypeName": "Blood (Lithium Heparin)",
          "testFors": [
            {
              "testForCode": "0",
              "testForName": "Other",
              "commentRequired": "Y"
            }
          ]
        },
        {
          "sampleTypeCode": "ED",
          "sampleTypeName": "Blood (EDTA)",
          "testFors": [
            {
              "testForCode": "0",
              "testForName": "Other",
              "commentRequired": "Y"
            }
          ]
        },
        {
          "sampleTypeCode": "SB",
          "sampleTypeName": "Swab (Bacterial)",
          "testFors": [
            {
              "testForCode": "0",
              "testForName": "Other",
              "commentRequired": "Y"
            }
          ]
        },
        {
          "sampleTypeCode": "O",
          "sampleTypeName": "Other",
          "testFors": [
            {
              "testForCode": "0",
              "testForName": "Other",
              "commentRequired": "Y"
            }
          ]
        },
        {
          "sampleTypeCode": "F",
          "sampleTypeName": "Fluid",
          "testFors": [
            {
              "testForCode": "0",
              "testForName": "Other",
              "commentRequired": "Y"
            }
          ]
        },
        {
          "sampleTypeCode": "M",
          "sampleTypeName": "Maggots",
          "testFors": [
            {
              "testForCode": "9",
              "testForName": "SWF Exclusion",
              "commentRequired": "N"
            }
          ]
        },
        {
          "sampleTypeCode": "T",
          "sampleTypeName": "Tissue",
          "testFors": [
            {
              "testForCode": "0",
              "testForName": "Other",
              "commentRequired": "Y"
            }
          ]
        },
        {
          "sampleTypeCode": "SV",
          "sampleTypeName": "Swab (Viral)",
          "testFors": [
            {
              "testForCode": "0",
              "testForName": "Other",
              "commentRequired": "Y"
            }
          ]
        }
      ]
    },
    {
      "speciesCode": "PIG",
      "speciesName": "Pig",
      "taxa": [
        {
          "id": 69162,
          "name": "Sus scrofa Linnaeus, 1758"
        }
      ],
      "requiredSyndromes": [
        "001",
        "002",
        "003",
        "004",
        "005",
        "006",
        "007"
      ],
      "possibleSamples": [
        {
          "sampleTypeCode": "BL",
          "sampleTypeName": "Blood (Serum)",
          "testFors": [
            {
              "testForCode": "3",
              "testForName": "Surra",
              "commentRequired": "N"
            },
            {
              "testForCode": "6",
              "testForName": "JE",
              "commentRequired": "N"
            },
            {
              "testForCode": "7",
              "testForName": "CSF",
              "commentRequired": "N"
            },
            {
              "testForCode": "0",
              "testForName": "Other",
              "commentRequired": "Y"
            },
            {
              "testForCode": "10",
              "testForName": "Rabies",
              "commentRequired": "N"
            },
            {
              "testForCode": "11",
              "testForName": "PRRS",
              "commentRequired": "N"
            },
            {
              "testForCode": "12",
              "testForName": "AD",
              "commentRequired": "N"
            },
            {
              "testForCode": "14",
              "testForName": "NIP",
              "commentRequired": "N"
            },
            {
              "testForCode": "15",
              "testForName": "TGE",
              "commentRequired": "N"
            },
            {
              "testForCode": "16",
              "testForName": "TRI1",
              "commentRequired": "N"
            }
          ]
        },
        {
          "sampleTypeCode": "LH",
          "sampleTypeName": "Blood (Lithium Heparin)",
          "testFors": [
            {
              "testForCode": "0",
              "testForName": "Other",
              "commentRequired": "Y"
            }
          ]
        },
        {
          "sampleTypeCode": "ED",
          "sampleTypeName": "Blood (EDTA)",
          "testFors": [
            {
              "testForCode": "0",
              "testForName": "Other",
              "commentRequired": "Y"
            }
          ]
        },
        {
          "sampleTypeCode": "SB",
          "sampleTypeName": "Swab (Bacterial)",
          "testFors": [
            {
              "testForCode": "0",
              "testForName": "Other",
              "commentRequired": "Y"
            }
          ]
        },
        {
          "sampleTypeCode": "O",
          "sampleTypeName": "Other",
          "testFors": [
            {
              "testForCode": "0",
              "testForName": "Other",
              "commentRequired": "Y"
            }
          ]
        },
        {
          "sampleTypeCode": "F",
          "sampleTypeName": "Fluid",
          "testFors": [
            {
              "testForCode": "0",
              "testForName": "Other",
              "commentRequired": "Y"
            }
          ]
        },
        {
          "sampleTypeCode": "M",
          "sampleTypeName": "Maggots",
          "testFors": [
            {
              "testForCode": "9",
              "testForName": "SWF Exclusion",
              "commentRequired": "N"
            }
          ]
        },
        {
          "sampleTypeCode": "T",
          "sampleTypeName": "Tissue",
          "testFors": [
            {
              "testForCode": "0",
              "testForName": "Other",
              "commentRequired": "Y"
            }
          ]
        },
        {
          "sampleTypeCode": "SV",
          "sampleTypeName": "Swab (Viral)",
          "testFors": [
            {
              "testForCode": "0",
              "testForName": "Other",
              "commentRequired": "Y"
            }
          ]
        }
      ]
    },
    {
      "speciesCode": "DOG",
      "speciesName": "Dog",
      "taxa": [
        {
          "id": 102824,
          "name": "Canis familiaris familiaris Linnaeus, 1758"
        },
        {
          "id": 102825,
          "name": "Canis familiaris dingo Meyer, 1793"
        }
      ],
      "requiredSyndromes": [
        "001",
        "002",
        "003",
        "004",
        "005"
      ],
      "possibleSamples": [
        {
          "sampleTypeCode": "BL",
          "sampleTypeName": "Blood (Serum)",
          "testFors": [
            {
              "testForCode": "3",
              "testForName": "Surra",
              "commentRequired": "N"
            },
            {
              "testForCode": "0",
              "testForName": "Other",
              "commentRequired": "Y"
            },
            {
              "testForCode": "10",
              "testForName": "Rabies",
              "commentRequired": "N"
            }
          ]
        },
        {
          "sampleTypeCode": "LH",
          "sampleTypeName": "Blood (Lithium Heparin)",
          "testFors": [
            {
              "testForCode": "0",
              "testForName": "Other",
              "commentRequired": "Y"
            }
          ]
        },
        {
          "sampleTypeCode": "ED",
          "sampleTypeName": "Blood (EDTA)",
          "testFors": [
            {
              "testForCode": "0",
              "testForName": "Other",
              "commentRequired": "Y"
            }
          ]
        },
        {
          "sampleTypeCode": "SB",
          "sampleTypeName": "Swab (Bacterial)",
          "testFors": [
            {
              "testForCode": "0",
              "testForName": "Other",
              "commentRequired": "Y"
            }
          ]
        },
        {
          "sampleTypeCode": "O",
          "sampleTypeName": "Other",
          "testFors": [
            {
              "testForCode": "0",
              "testForName": "Other",
              "commentRequired": "Y"
            }
          ]
        },
        {
          "sampleTypeCode": "F",
          "sampleTypeName": "Fluid",
          "testFors": [
            {
              "testForCode": "0",
              "testForName": "Other",
              "commentRequired": "Y"
            }
          ]
        },
        {
          "sampleTypeCode": "M",
          "sampleTypeName": "Maggots",
          "testFors": [
            {
              "testForCode": "9",
              "testForName": "SWF Exclusion",
              "commentRequired": "N"
            }
          ]
        },
        {
          "sampleTypeCode": "T",
          "sampleTypeName": "Tissue",
          "testFors": [
            {
              "testForCode": "0",
              "testForName": "Other",
              "commentRequired": "Y"
            }
          ]
        },
        {
          "sampleTypeCode": "SV",
          "sampleTypeName": "Swab (Viral)",
          "testFors": [
            {
              "testForCode": "0",
              "testForName": "Other",
              "commentRequired": "Y"
            }
          ]
        }
      ]
    },
    {
      "speciesCode": "AVI",
      "speciesName": "Avian",
      "taxa": [
        
      ],
      "requiredSyndromes": [
        "003",
        "005",
        "007"
      ],
      "possibleSamples": [
        
      ]
    }
  ]
}